rank,title,author
1,⚡对 对 子 战 神⚡,洛温阿特金森
2,走过路过，不要错过！我们的品质，普普通通，我们的价格，没有极限，欢迎来到——富人直播间！（纯属虚构，如有冒犯，先道歉🙇🏻‍♀️,papi酱
3,这首热门歌曲献给每一位童年坎坷的人 | 《Without You》现已上线,appleby_music
4,AI奇谈 | 止戈为武：流金谷无“鹰”家,央视网
5,走进贵州大山，给山里的孩子们添一份快乐与守护，祝愿他们健康快乐茁壮成长,李维刚的日常
6,当我对日本人用不知火舞语录！！！,你哇哥233
7,在性产业“合法”的地方，我们看到了...,影视飓风
8,“子弹要飞多久  才能变成和平的白鸽”,爱摆牌的龙龙1代摆
9,《崩坏：星穹铁道》不死途角色PV——「狼来了」,崩坏星穹铁道
10,《有毒啊》,伤心欲茄222
11,卡片上铭刻着我们的灵魂！【水无月菌】,水无月菌
12,文 字 游 戏,是玉木呀
13,美伊战争现在打成啥样了？【军事榨菜47】,花岗岩工作室
14,楚 门 下 播,_青红造了个白_
15,你可能不认识我们，但一定听过我们的歌（Vicetone）,VicetoneMusic
16,神奇数字马戏团 - 第8集：asdfghjkl,格历奇GLITCH
17,什么奥运能把城市办破产？【神奇组织50】,小约翰可汗
18,我们对妙瓦底园区执行侦查,大漠叔叔
19,失传术法？五行铠甲真正该有的战斗方式！（AI铠甲勇士外传微电影）,啦啦啦的G君
20,《雪山救狐之穿越2026年》,-胡莱克修斯-
21,为了不熬夜玩手机，我们做了这个...,老师好我叫何同学
22,《绝区零》南宫羽角色展示 | 全连全良天使,绝区零
23,桑多涅，饿饿，饭饭~,叶玲秋雨
24,笨蛋威虫，我喜欢的才不是手表呢,小小嘉动画
25,火漆套色｜圣庭之烛｜众神时代的复古奢华与纸醉金迷的永恒浪漫,朝暮不睡觉QWQ
26,真是一场酣畅淋漓的相亲,陈嘉伦整个路人
27,出租车师傅不像好人，怎么让他不对我犯罪,徐五八
28,很多离谱的数学答案其实并没错,云篆写空山
29,同志们，煮波创办的文学底刊来了！！！,笔给你你来写_
30,给我的粉丝们，一点小小的震撼！！,田一名sir
31,如果你无法理解生理期的情绪,碎嘴企鹅
32,《男 稞 一 梦》,马刀刻森
33,【重音Teio】说谎的哈基米（原曲不使用）,慎啸
34,你可能不认识我，但你可能听过我写的歌^ ^,失落花园-
35,不 知 火 强,我叫小渔人
36,命好，碰上了小概率双向事件,山城小栗旬的理发日记
37,没事别看那么多神剧，唉,真子日记
38,“姥爷，天上那是群什么东西？”【迷幻志怪动画】《万相》004：告别的语言,诡忌剧场
39,野孩子与猪,小八锅包肉
40,让作文里的突然见鬼去吧,洋芋巴八
41,【CS】整活单曲《兄弟我内急》,CSGO国服
42,最害怕的一集,老番茄
43,“‘爱泼斯坦’们统治的国家，有何资格对我们指手画脚？”,央视新闻
44,“仙人鸣人，归来！”,小羊肖恩max
45,意外穿越怪谈世界，十二星座决定你的专属武器 第一期 （上） ASMR,Aismr_
46,鸟儿已无法返航，高山垭口被大网封锁#肇庆#鸟类保护,渔猎齐哥
47,一旦接受了这些设定，就不回去了。#搞笑#内容过于真实#一定要看到最后#一旦接受了某种设定就回不去了,暴走黄老板
48,爱因斯坦又对了！科学家首次观测到物质从真空中诞生，【科学快报】265期,科学透镜
49,APP开屏展示低俗广告，宝宝巴士被罚30万元，没收违法所得3.68元,大象新闻
50,【航天2.0】全网首发 旋转楼梯攻防道具焚决,慕夏FPS-露娜教官
