title,author,views
为了不熬夜玩手机，我们做了这个...,老师好我叫何同学,
目瞪口呆，这居然是跳楼的第一视角,大疆OSMO,
谁说脑瘫不能出片,是李森林呀,
【游戏耳机推荐】2026年大合集！内含FPS游戏实测！入耳式耳机/有线耳机/三角洲耳机/头戴式耳机推荐，全程实测不踩雷！学生党必看！超高性价比！建议收藏！,游戏耳机推荐,
你手上的智能手表真的“准”吗？华为WATCH GT Runner 2定位技术解析,胜利文绉绉,
【键盘推荐2026】3月全配列键盘推荐，全价位超高性价比覆盖！拒绝智商税！磁轴+机械键盘，键盘/键盘推荐2025/键盘推荐/磁轴键盘推荐/磁轴键盘/机械键盘,大白外设推荐官,
【搞机所3月下旬电脑配置推荐】性价比拉满！怒肝一个月实测实装！进来40分钟打造专属你的梦中情机！,搞机所,
开了两年电玩店，我太后悔了！,Cheems电玩屋,
猛攻电脑小白薄弱点！Windows系统超基础必学调教指南，新机开荒教程，系统优化技巧，基础设置，软件下载安装注意事项。,天才赵德柱,
拯救者Y700五代上手体验：超强小平板来啦！,极客湾Geekerwan,
大折叠体验的最佳答案?OPPO如何做到“无折痕”?,大宽大宽,
硬件厂商集体二次元出道？ 锐评硬件十二姬,ACG外观研究社,
柔光砖+火锅红油！米家扫拖机器人 6 Max 能拖干净吗？,先看评测,
走近AWE｜究竟什么样的床才能称得上是智能,颠佬评测,
Apple50周年庆！李宇春高燃开唱！库克同台庆祝！！,小树Noel,
【苏星河硬件】用了10年三星，真的一代比一代离谱...,苏星河牛通,
【2026·3月下旬电脑配置推荐】爆肝一个月！教你装机不花冤枉钱！学生党直接抄作业，从2千-5万预算，共计26套台式电脑配置，小白必看攻略！电脑装机！建议收藏！,古一搞机研究所,
姜还是老的辣 板还是小的强 | 联想AI平板 拯救者Y700 五代详细测试体验 旗舰性能 丰富外设,科技美学,
3000块的剃须刀到底有多夯？松下L690U给你答案,花生説,
什么？！伊朗还真打中了美军F35啊？？,士口加I,
【摄影教程】终于有人把白平衡偏移说清楚了！！！摄影入门必看！,摄影伍伍伍,
小米高端笔电【重启之作】，XiaomiBook Pro 14评测,笔吧评测室,
一万块钱买来的手机屏幕，用完沉默了…,六分超超,
折痕，是折叠屏的心理战！,林捂捂,
河马爆改网感美女，修完直接爱住！！！,宛姐P图,
「小白」联想AI平板 拯救者 Y700五代测评：小屏AI实力派！,小白测评,
【2026年4月充电宝推荐】新规过后，充电宝一个比一个好用 品胜/京东京造/酷态科/雷神/西圣,天真评测,
“不到园林，怎知春色如许?”,雪鸢_P,
【2026年4月游戏耳机推荐】开学开工季全价位全实测，带试听~请选择你的御用耳机：EPZ/TRN/ATK/VGN/钛度/漫步者/ROG/飓风/雷蛇/索尼,超级赛博仓鼠,
死角、缠毛、异味？我在追觅T70 Ultra上找到了答案,冷君在此,
【4月桌面音箱推荐】桌面音箱到底怎么选？盘点最近爆火的桌面音箱~漫步者/七彩虹/漫步者花再/哈曼卡顿,不懂就问仓老师,
无印良品？！OPPO这次夯爆了！,Winnie龟龟仔,
AWE现场直击！德施曼智能锁多款新品到底怎么选？,YHiro博,
英伟达涨不动了！老黄到底做错了什么？,老石谈芯,
关于我在厨房不小心踏了一匹骏马这件小事...,奋斗的王大刀,
动态视频｜卖电器的、卖算力的，来到了同一个展馆...,影视飓风,
上门清灰反被坑1000，CPU直接被拧碎了,李稳修电脑-修机稳,
升级在哪？OPPO Find N6 体验丨折痕真的没了吗？,橙红Iris,
【耳夹式耳机推荐】2026大合集！全自费实测！耳夹式耳机测评/开放式耳机/耳夹式耳机/运动耳机推荐，小白必看！建议收藏！,知音剑客,
3000价位段旗舰杀手！27cm滚筒有多猛？追觅S60Pro深度评测！,GLAT巩振宁,
【蓝牙耳机推荐】2026年蓝牙耳机首期合集推荐！入耳式/半入耳/手机厂/HIFI厂耳机推荐！降噪，音质，学生党耳机，全价位各品牌耳机合集推荐,蓝牙耳机推荐,
2500元档最强OLED？满血280Hz 联想拯救者Pro27Q-10评测,野生的装机宅,
全球最顶级的枪支拍卖会！是什么样子？德国元帅同款手枪！,老李船长,
绝美！强的不像轻薄本：联想小新Pro 16 GT AI元启版 2026  顶配白色Ultra X9 388H体验评测,FUN科技,
【3月下旬电脑配置推荐】全一线+原厂颗粒，这才是正常人要的配置单，无需改配，只为教你把预算都花都在刀刃上，建议收藏,船长总动员,
5款热门耳夹式耳机对比体验！500元内究竟谁更抗打？,嘿丝科技,
400元买到旗舰配置？腾达BE7200真的没偷懒,炊事班测评组,
别再手抠饭粒了！3台热门洗碗机极限横测，这台竟然连下水道反水都能防？,科基Studio,
2026AWE必看：海尔融合洗护家Seeker系列，看得见你的疏忽、听得懂你的指令！,安可可测评实验室,
这次真不一样，理想形态的折叠屏好像要来了？OPPO Find N6 首发测评,大狸子切切里,
1kg轻薄本 + Lunar Lake，到底强在哪？v机械革命无界14评测,草鸡实验室,
剃须界「不可能三角」：锋利、亲肤、耐用，真的不能共存嘛？,科技边界TE,
SQD-Mini LED神机到底强在哪,科技侠来了,
这把枪还是得玩,沐泽三角洲,
我们需要新一代隐身轰炸机吗？,深秋不是鸡腿子,
我想告诉你有关三星S26 Ultra的一切,凛光暗切,
虞美人拍照技巧，虞美人拍照姿势，虞美人拍照角度,钟小棵摄影,
别让空调在春秋吃灰！美的全面风空调风尊三代实测：一台一年四季都能用？,老图丁,
不仅能打，更好看！三模磁轴狼蛛HERO68Air,有玩有志,
瞬间回血和持续回血哪个好？,castelu,
买AI体验送顶级性能？联想YOGA Pro 16 Aura AI元启版上手！,深川漱Pengoss,
鸿蒙智选发布会直通AWE，实探小豚当家鲸瞳Max,六一测评,
OPPO Find N6 拆解：跨越完美折叠屏的最后一公里，折痕消失术！,微机分WekiHome,
谢谢你！比我妈还关心我睡得好不好,纳骨小鸟,
0成本坐飞机？用洗衣液拍出绝美富士山！,浩瀚稳定器,
当兄弟打字慢时,MC小U,
再也不用开通影视会员了，这个软件帮你搞定！-VidHub,英红牛乳茶,
有点强！这台电脑改变了我的创作方式,青山摄影,
OPPO Find N6 评测：除痕是面子，AI 是里子,钟文泽,
【SPT】联想小新 Pro14 GT AI元启版评测：全能均衡，X86续航王者！！,SPlusTech,
黄仁勋都点赞！GTC2026上登场的雪宝机器人到底是怎么做出来的呢？,科技捕手,
手机坏了？派蒙...,小小呆予,
老 Win 用户别等了！2026 换 Mac 怎么选？附省钱攻略,司尺音,
以前的暗区,六子暗区突围,
拆解+重构:如何手搓一台4mm超薄手机！,艾奥科技,
990g轻薄机身下塞45W强劲性能？超轻薄天花板呢?【华硕a豆14 Air 2026深度实测】,方舟测评室,
这些玩法，比折痕更稀有！OPPO Find N6 体验报告,王卡卡Ken,
【摄影教学】为什么玩摄影一定要学会看直方图？那是因为摄影存在一定的视觉欺骗！,伍伍教摄影,
消失4年小米笔记本杀回来了！这波做的怎么样？,我是HYK,
我是19岁高三学生，高一的时候同学给了我网赌网站的网“扯”，我一直赌到现在昨天刚输完钱，我现在想骗学费赌,戒社,
Xiaomi Book Pro 14 体验：一台轻薄性能全能本？「白问」,白问科技,
色彩标杆！海信85E7S Pro，三原色直出+高刷，观影游戏全都要！,蓝染青,
连马达都能客制化？打破传统布局！玩透模块化，这才是万能手柄的答案 北通盘古,吉杰张GeeJayZhang,
3D打印为什么打不出透明的东西？,有猫饼工作室,
真正的AI外挂手机来了？ 用OPPO Find N6干活能有多快,老麦的工具库,
这台折叠屏，让换机不再像一场告别！OPPO Find N6体验,火锅鱼ly,
ROG 新品来啦！4K OLED 240Hz 0.03ms响应～ ROG XG27UQDMS QD-OLED电竞显示器 开箱 体验 分享,是喵,
如何让老旗舰畅玩新游戏？我找到了真正的“物理外挂”！,晨钟酱Official,
2026 F1变态新规！世界上最快的赛车是如何被“算出来”的？,RX不止飞行,
巴掌大的主机玩3A游戏？！全新 Ultra7 358H的NUC性能表现如何？,二斤啦啦啦啦,
小米米家健身全家桶【值不值得买第720期】,TESTV官方频道,
【全网首发】高手开局就是高端局？TCL 27C3A Pro详细评测 27英寸 4K 165Hz双模,好屏如潮,
未来家就这样！格力 AWE 冰洗展区，黑科技狠狠心动！,J某人啊,
如果让AI评价发布会，余承东和雷军谁会赢？Plaud、钉钉、飞书纪要卡横评,交流分量,
买笔记本送数位板？联想YOGA太懂摄影佬了,菇菇和呱呱,
AI学习机让老师惊呼怕失业？科大讯飞VS学而思，详细对比测评来了！,唐火锅,
【内核】33歼20：为什么我天天都在升级…因为不改，你就早该退役了…,人畜无害小托比,
泷奈已呼叫凯斯芒斯特,轰炸云浣熊,
国内外都可接单，由国外接单经验#江苏周鑫实业制造#周鑫膜结构电动推拉棚,江苏周鑫周家豪,
全球首发！我国自研，世界最强！,央视军事,
