P_W,v_mms,E_Jcm2,co_ratio,sigma_Sm,ssa_m2g,id_ig,source
0.1,50.0,0.2,3.3,150.0,300.0,0.5,existing
0.15,60.0,0.25,2.5,300.0,250.0,0.6,existing
0.15,40.0,0.37499999999999994,3.3,450.0,380.0,0.7,existing
0.2,40.0,0.5,3.3,800.0,450.0,0.8,existing
0.2,30.0,0.6666666666666667,0.9,550.0,800.0,0.9,existing
0.22,35.0,0.6285714285714286,3.3,950.0,500.0,0.85,existing
0.25,50.0,0.5,0.9,600.0,900.0,0.9,existing
0.25,30.0,0.8333333333333334,2.5,1100.0,400.0,1.0,existing
0.25,25.0,1.0,3.3,1500.0,550.0,0.95,existing
0.28,35.0,0.8,3.3,1800.0,580.0,1.0,existing
0.3,50.0,0.6,3.3,1600.0,520.0,0.9,existing
0.3,40.0,0.7499999999999999,0.9,1400.0,1100.0,1.1,existing
0.3,30.0,1.0,3.3,2500.0,600.0,1.0,existing
0.3,30.0,1.0,2.5,1200.0,350.0,1.1,existing
0.3,30.0,1.0,0.9,1800.0,1200.0,1.3,existing
0.3,20.0,1.4999999999999998,3.3,3200.0,480.0,1.3,existing
0.32,35.0,0.9142857142857143,3.3,2200.0,620.0,1.05,existing
0.33,30.0,1.1,3.3,2800.0,580.0,1.1,existing
0.35,40.0,0.8749999999999999,3.3,2400.0,540.0,1.0,existing
0.35,25.0,1.4,3.3,4500.0,550.0,1.2,existing
0.35,20.0,1.7499999999999998,0.9,2800.0,950.0,1.5,existing
0.38,30.0,1.2666666666666668,3.3,3800.0,500.0,1.3,existing
0.4,30.0,1.3333333333333335,3.3,4000.0,450.0,1.4,existing
0.4,20.0,2.0,3.3,3500.0,400.0,1.5,existing
0.4,15.0,2.666666666666667,3.3,2800.0,300.0,1.8,existing
0.45,25.0,1.8,3.3,4200.0,420.0,1.4,existing
0.5,20.0,2.5,3.3,3800.0,350.0,1.7,existing
0.5,15.0,3.3333333333333335,0.9,2500.0,600.0,2.0,existing
0.6,20.0,2.9999999999999996,3.3,3200.0,280.0,1.9,existing
0.8,15.0,5.333333333333334,3.3,1500.0,200.0,2.5,existing
0.12,45.0,0.26666666666666666,3.3,50.0,973.0112870763987,0.5664570302269569,lit
0.18,55.0,0.3272727272727272,3.3,50.0,959.3163128417565,0.5266463597397951,lit
0.23,42.0,0.5476190476190477,3.3,74.50741103535846,1068.6015545185742,0.5391554490242513,lit
0.27,38.0,0.7105263157894737,3.3,84.51869735309334,918.1751002277995,0.5580057112647302,lit
0.31,32.0,0.96875,3.3,110.43011568456333,741.4967126515162,0.5099519385713843,lit
0.34,28.0,1.2142857142857142,3.3,122.30559628913622,837.4735618402085,0.6660056849047234,lit
0.37,24.0,1.5416666666666667,3.3,146.48547091226254,781.8519528976914,0.7853969406711265,lit
0.42,22.0,1.909090909090909,3.3,202.88804653467412,935.8184434654987,0.6252138140597097,lit
0.48,18.0,2.6666666666666665,3.3,269.3804934542253,914.287007776425,0.725618526651371,lit
0.55,16.0,3.4375,3.3,783.8759189346043,813.8979023781482,0.8858829453313635,lit
0.14,48.0,0.2916666666666667,2.5,50.0,1438.308682536889,0.5342778984765205,lit
0.19,52.0,0.36538461538461536,2.5,50.0,1288.716341557125,0.4774510414977298,lit
0.26,36.0,0.7222222222222223,2.5,62.07075930675591,883.2139096670595,0.5087464184646254,lit
0.29,33.0,0.8787878787878787,2.5,75.39481408088555,1248.5696387556288,0.6158301159338655,lit
0.36,27.0,1.3333333333333333,2.5,109.18363973797378,1084.002278781445,0.5624175486357498,lit
0.41,23.0,1.7826086956521738,2.5,132.51071782019037,1042.2715904704075,0.7893823780631068,lit
0.46,19.0,2.4210526315789473,2.5,212.15336051764206,846.7410038892435,0.8161460064226833,lit
0.52,17.0,3.0588235294117645,2.5,336.8353947673271,960.9379836614482,0.9200947558677316,lit
0.65,25.0,2.6,0.9,90.06269441320264,2501.318915820268,0.7438555371143218,lit
0.75,20.0,3.75,0.9,59.972484198281066,2197.371257486386,1.042676787076624,lit
0.16,46.0,0.34782608695652173,3.3,50.0,964.2743538558158,0.4818046357560213,lit
0.21,41.0,0.5121951219512194,3.3,50.0,1075.3972344044155,0.6376113303846349,lit
0.24,37.0,0.6486486486486487,0.9,50.0,2808.7824008904972,0.5987345357176173,lit
0.32,31.0,1.032258064516129,0.9,50.0,2560.104578731102,0.7198246038562963,lit
0.39,26.0,1.5,3.3,164.1133055320287,1119.9392113491103,0.5018573329218973,lit
0.44,21.0,2.0952380952380953,2.5,196.12919257490668,1100.1230416367584,0.7289603048078506,lit
0.58,29.0,2.0,0.9,60.82584698881951,1770.7586310657289,0.7237442803000241,lit
0.7,24.0,2.9166666666666665,3.3,338.0193758373361,1052.5192151632561,0.80594703144674,lit
0.85,18.0,4.722222222222222,0.9,78.09149178455831,1885.059979684013,1.1643095592215544,lit
0.95,14.0,6.785714285714285,3.3,2159.5922602312253,731.9755439464981,1.3817437197806122,lit
0.11,47.0,0.23404255319148934,3.3,50.0,1105.8686183817804,0.4910107281063066,lit
0.17,43.0,0.39534883720930236,2.5,50.0,1116.2804922169457,0.46732292586272084,lit
0.28,35.0,0.8,3.3,91.9087876572524,999.1888066051998,0.5963047620158907,lit
0.35,29.0,1.206896551724138,0.9,50.0,2017.2135128826133,0.6177032153940958,lit
0.43,24.0,1.7916666666666667,2.5,141.6301783625081,996.6581574575484,0.7034680716158803,lit
0.53,19.0,2.7894736842105265,3.3,325.4390775939113,1101.4781415333302,0.8493094953237526,lit
0.68,26.0,2.6153846153846154,0.9,81.49270844466024,2227.907236859695,0.6576876964779703,lit
0.82,21.0,3.9047619047619047,3.3,894.8178950937131,868.7178196893644,1.2071540217521464,lit
0.9,16.0,5.625,0.9,112.2015568147146,1981.2247532066763,1.1709213670596337,lit
1.0,12.0,8.333333333333334,3.3,2309.9188337316086,846.3178394761644,1.612789954903016,lit
0.153,19.6,0.78,3.3,88.4,823.5,0.57,synthetic
0.157,20.4,0.77,2.5,74.9,872.7,0.57,synthetic
0.148,20.5,0.72,0.9,50.0,2000.0,0.66,synthetic
0.145,33.9,0.43,3.3,50.0,1199.9,0.65,synthetic
0.152,36.2,0.42,2.5,50.0,1344.6,0.51,synthetic
0.148,34.0,0.43,0.9,50.0,2000.0,0.49,synthetic
0.144,49.7,0.29,3.3,50.0,711.9,0.46,synthetic
0.149,52.0,0.29,2.5,50.0,1177.4,0.56,synthetic
0.152,48.1,0.32,0.9,50.0,2000.0,0.52,synthetic
0.15,68.2,0.22,3.3,50.0,1228.4,0.54,synthetic
0.144,67.1,0.21,2.5,50.0,1445.0,0.47,synthetic
0.149,66.2,0.22,0.9,50.0,2000.0,0.57,synthetic
0.153,80.7,0.19,3.3,50.0,1098.6,0.49,synthetic
0.145,80.6,0.18,2.5,50.0,1350.1,0.56,synthetic
0.143,80.8,0.18,0.9,50.0,2000.0,0.54,synthetic
0.245,20.4,1.2,3.3,121.5,751.2,0.7,synthetic
0.261,20.7,1.26,2.5,100.8,1114.0,0.61,synthetic
0.255,21.0,1.22,0.9,50.0,2000.0,0.61,synthetic
0.252,35.7,0.71,3.3,75.4,866.8,0.55,synthetic
0.25,35.6,0.7,2.5,51.5,1288.6,0.53,synthetic
0.259,35.2,0.74,0.9,50.0,2000.0,0.54,synthetic
0.242,51.6,0.47,3.3,50.0,1044.6,0.47,synthetic
0.252,50.1,0.5,2.5,50.0,1169.9,0.57,synthetic
0.26,52.4,0.5,0.9,50.0,2000.0,0.49,synthetic
0.258,64.3,0.4,3.3,50.0,1033.5,0.59,synthetic
0.262,62.3,0.42,2.5,50.0,1009.7,0.54,synthetic
0.249,65.3,0.38,0.9,50.0,2000.0,0.55,synthetic
0.249,82.0,0.3,3.3,50.0,1068.2,0.56,synthetic
0.242,82.2,0.29,2.5,50.0,1047.2,0.5,synthetic
0.254,83.1,0.31,0.9,50.0,2000.0,0.61,synthetic
0.481,14.3,3.37,0.9,2406.3,548.3,2.01,augmented
0.328,29.7,1.11,3.3,2542.9,652.6,1.0,augmented
0.158,36.2,0.44,3.3,465.3,363.5,0.69,augmented
0.409,19.0,2.15,3.3,3392.5,445.6,1.51,augmented
0.414,14.8,2.79,3.3,2786.0,296.7,1.78,augmented
0.819,14.6,5.6,3.3,1512.7,175.1,2.68,augmented
0.3,39.4,0.76,0.9,1443.6,1232.2,1.1,augmented
0.385,30.4,1.27,3.3,4224.4,573.7,1.31,augmented
0.25,23.9,1.04,3.3,1504.4,618.8,0.96,augmented
0.394,15.9,2.48,3.3,2982.2,327.8,1.73,augmented
0.51,19.4,2.63,3.3,3758.8,413.5,1.71,augmented
0.779,15.2,5.11,3.3,1740.3,205.2,2.57,augmented
0.302,29.8,1.01,2.5,1181.4,352.1,1.15,augmented
0.404,15.5,2.6,3.3,2911.9,273.1,1.74,augmented
0.407,19.7,2.06,3.3,3285.2,443.8,1.62,augmented
0.283,32.0,0.88,3.3,2614.6,591.7,1.01,augmented
0.222,31.7,0.7,3.3,980.7,401.8,0.83,augmented
0.255,55.7,0.46,0.9,619.0,833.4,0.86,augmented
0.56,21.9,2.56,3.3,3289.4,337.5,1.78,augmented
0.25,26.0,0.96,3.3,1193.6,481.6,1.02,augmented
